<?xml version="1.0" encoding="utf-8"?>
<resources>
	<!-- Stock IDs -->
	<string name="ID_ABOUT">About</string>
	<string name="ID_ADD">Add</string>
	<string name="ID_APPLY">Apply</string>
	<string name="ID_BACKWARD">Back</string>
	<string name="ID_IGNORE">Ignore</string>
	<string name="ID_BOLD">Bold</string>
	<string name="ID_BOTTOM">Bottom</string>
	<string name="ID_CANCEL">Cancel</string>
	<string name="ID_CDROM">CD-ROM</string>
	<string name="ID_CLEAR">Clear</string>
	<string name="ID_CLOSE">Close</string>
	<string name="ID_CONVERT">Convert</string>
	<string name="ID_MOVE">Move</string>
	<string name="ID_COPY">Copy</string>
	<string name="ID_COPY_LINK">Copy link</string>
	<string name="ID_CUT">Cut</string>
	<string name="ID_DELETE">Delete</string>
	<string name="ID_DOWN">Down</string>
	<string name="ID_EDIT">Edit</string>
	<string name="ID_EXECUTE">Execute</string>
	<string name="ID_EXIT">Quit</string>
	<string name="ID_FILE">File</string>
	<string name="ID_FOLDER">Folder</string>
	<string name="ID_FIND">Find</string>
	<string name="ID_SEARCH">Search</string>
	<string name="ID_FIRST">First</string>
	<string name="ID_FLOPPY">Floppy</string>
	<string name="ID_FORWARD">Forward</string>
	<string name="ID_HARDDISK">Hard disk</string>
	<string name="ID_HELP">Help</string>
	<string name="ID_HOME">Home</string>
	<string name="ID_INDENT">Indent</string>
	<string name="ID_INDEX">Index</string>
	<string name="ID_INFO">Info</string>
	<string name="ID_ITALIC">Italic</string>
	<string name="ID_JUMP_TO">Jump to</string>
	<string name="ID_JUSTIFY_CENTER">Centered</string>
	<string name="ID_JUSTIFY_FILL">Justified</string>
	<string name="ID_JUSTIFY_LEFT">Align left</string>
	<string name="ID_JUSTIFY_RIGHT">Align right</string>
	<string name="ID_LAST">Last</string>
	<string name="ID_NETWORK">Network</string>
	<string name="ID_NEW">New</string>
	<string name="ID_NO">No</string>
	<string name="ID_NONE">None</string>
	<string name="ID_OK">OK</string>
	<string name="ID_OPEN">Open</string>
	<string name="ID_PASTE">Paste</string>
	<string name="ID_PREFERENCES">Preferences</string>
	<string name="ID_PREVIEW">Preview</string>
	<string name="ID_PRINT">Print</string>
	<string name="ID_PROPERTIES">Properties</string>
	<string name="ID_REDO">Redo</string>
	<string name="ID_REFRESH">Refresh</string>
	<string name="ID_REMOVE">Remove</string>
	<string name="ID_REPLACE">Replace</string>
	<string name="ID_RENAME">Rename</string>
	<string name="ID_REVERT_TO_SAVED">Revert to saved</string>
	<string name="ID_SAVE">Save</string>
	<string name="ID_SAVEAS">Save as</string>
	<string name="ID_SELECTALL">Select all</string>
	<string name="ID_SELECT_COLOR">Select color</string>
	<string name="ID_SELECT_FONT">Select font</string>
	<string name="ID_SELECT_FILE">Select file</string>
	<string name="ID_SELECT_FOLDER">Select folder</string>
	<string name="ID_SORT_ASCENDING">Ascending</string>
	<string name="ID_SORT_DESCENDING">Descending</string>
	<string name="ID_SPELL_CHECK">Spell check</string>
	<string name="ID_STOP">Stop</string>
	<string name="ID_STRIKETHROUGH">Strikethrough</string>
	<string name="ID_TOP">Top</string>
	<string name="ID_UNDELETE">Undelete</string>
	<string name="ID_UNDERLINE">Underline</string>
	<string name="ID_UNDO">Undo</string>
	<string name="ID_UNINDENT">Unindent</string>
	<string name="ID_UP">Up</string>
	<string name="ID_YES">Yes</string>
	<string name="ID_ZOOM_100">Actual size</string>
	<string name="ID_ZOOM_FIT">Zoom to fit</string>
	<string name="ID_ZOOM_IN">Zoom in</string>
	<string name="ID_ZOOM_OUT">Zoom out</string>
	<string name="ID_ERROR">Error</string>

	<string name="ID_ABOUT_LONG">Show about dialog</string>
	<string name="ID_COPY_LONG">Copy selection</string>
	<string name="ID_CUT_LONG">Cut selection</string>
	<string name="ID_DELETE_LONG">Delete selection</string>
	<string name="ID_REPLACE_LONG">Replace selection</string>
	<string name="ID_PASTE_LONG">Paste selection</string>
	<string name="ID_EXIT_LONG">Quit this program</string>
	<string name="ID_UNDO_LONG">Undo last action</string>
	<string name="ID_REDO_LONG">Redo last action</string>
	<string name="ID_CLOSE_LONG">Close current document</string>
	<string name="ID_SAVE_LONG">Save current document</string>
	<string name="ID_SAVEAS_LONG">Save current document with a different filename</string>

	<!-- Generic -->
	<string name="Generic.Run">Run</string>
	<string name="Generic.Terminate">Terminate</string>
	<string name="Generic.All">All</string>
	<string name="Generic.using">using</string>
	<string name="Generic.MilliSec">ms</string>
	<string name="Generic.Sec">s</string>
	<string name="Generic.Min">min</string>
	<string name="Generic.Browse">Browse</string>
	<string name="Generic.BrowseFile">Browse file</string>
	<string name="Generic.BrowseFolder">Browse folder</string>
	<string name="Generic.Select">Select</string>
	<string name="Generic.Import">Import</string>
	<string name="Generic.Export">Export</string>
	<string name="Generic.Info">Information</string>
	<string name="Generic.Description">Description</string>
	<string name="Generic.Author">Author</string>
	<string name="Generic.ID">Identifier</string>
	<string name="Generic.IDInvalid">Invalid identifier</string>
	<string name="Generic.Invalid">Invalid</string>
	<string name="Generic.Name">Name</string>
	<string name="Generic.UserName">Username</string>
	<string name="Generic.EMailAddress">Email address</string>
	<string name="Generic.Index">Index</string>
	<string name="Generic.PartOf">Part of</string>
	<string name="Generic.Value">Value</string>
	<string name="Generic.Address">Address</string>
	<string name="Generic.Source">Source</string>
	<string name="Generic.Size">Size</string>
	<string name="Generic.Type">Type</string>
	<string name="Generic.Priority">Priority</string>
	<string name="Generic.Status">Status</string>
	<string name="Generic.Date">Date</string>
	<string name="Generic.Game">Game</string>
	<string name="Generic.Image">Image</string>
	<string name="Generic.Color">Color</string>
	<string name="Generic.Assign">Assign</string>
	<string name="Generic.Reset">Reset</string>
	<string name="Generic.Screenshot">Screenshot</string>
	<string name="Generic.ModificationDate">Date modified</string>
	<string name="Generic.Location">Location</string>
	<string name="Generic.FileLocation">File location</string>
	<string name="Generic.FolderLocation">Folder location</string>
	<string name="Generic.SourceLocation">Source location</string>
	<string name="Generic.Version">Version</string>
	<string name="Generic.Revision">Revision</string>
	<string name="Generic.Developer">Developer</string>
	<string name="Generic.EnterData">Enter data</string>
	<string name="Generic.DefaultValue">Default value</string>
	<string name="Generic.UseDefaultValue">Use default value</string>
	<string name="Generic.SystemMenu">System menu</string>
	<string name="Generic.Operator">Operator</string>
	<string name="Generic.Operators">Operators</string>
	<string name="Generic.Argument">Argument</string>
	<string name="Generic.Arguments">Arguments</string>
	<string name="Generic.Parameter">Parameter</string>
	<string name="Generic.Parameters">Parameters</string>
	<string name="Generic.Expanded">Expanded</string>
	<string name="Generic.Collapsed">Collapsed</string>
	<string name="Generic.License">License</string>
	<string name="Generic.CriticalError">The application has encountered a critical error and will be closed.</string>
	<string name="Generic.OpenWebSiteDialog.Caption">Do you want to open this webpage?</string>
	<string name="Generic.OpenWebSiteListDialog.Caption">Choose a webpage you want to open</string>
	<string name="Generic.FileSearchInProgress">File search in progress</string>
	<string name="Generic.FileCopyInProgress">File copy in progress</string>
	<string name="Generic.NoItemsToDisplay">No items to display</string>
	<string name="Generic.Install">Install</string>
	<string name="Generic.DoNotInstall">Don't install</string>

	<string name="FileFilter">File filter</string>
	<string name="FileFilter.AllFiles">All files</string>
	<string name="FileFilter.AllSupportedFormats">All supported formats</string>
	<string name="FileFilter.ModPackage">Installation package</string>
	<string name="FileFilter.ModPackageSMI">Installation package for KMM 1.x and SKSM</string>
	<string name="FileFilter.ModPackageFOMod">FOMod</string>
	<string name="FileFilter.ModProject">Installation package project</string>
	<string name="FileFilter.ModProjectSMP">Installation package project for KMM 1.x and SKSM</string>
	<string name="FileFilter.XML">XML files</string>
	<string name="FileFilter.Programs">Programs</string>
	<string name="FileFilter.Image">Image</string>
	<string name="FileFilter.Images">Images</string>
	<string name="FileFilter.Text">Text files</string>
	<string name="FileFilter.HTML">HTML documents</string>
	<string name="FileFilter.Shortcuts">Shortcuts</string>
	<string name="FileFilter.Archives">Archives</string>
	<string name="FileFilter.7ZipArchive">7-Zip archive</string>

	<string name="Init.AnotherInstanceRunning">Another instance of this application is already running.</string>
	<string name="Init.Caption">Initializing settings</string>
	<string name="Init.Status1">Reading parameters</string>
	<string name="Init.Status2">Loading profile data</string>
	<string name="Init.StatusDone">Initialization complete</string>
	<string name="Init.Error1">Profile configuration hasn't been loaded. Unable to continue.</string>
	<string name="Init.Error2">Configuration file for profile "%1" not found. Default configuration will be used.</string>
	<string name="Init.Error3">Failed to create workspace</string>
	<string name="Init.ProfilesPath1">Profile folder not specified or doesn't exist</string>
	<string name="Init.ProfilesPath2">
		<![CDATA[You can use the default folder or select a different one.
Using the default folder is not recommended because profile data can occupy a lot of space, which may be undesirable for the system drive.]]>
	</string>
	<string name="Init.DownloadLinkDispatchFailed">Couldn't dispatch download link: %1</string>

	<!-- Settings Window -->
	<string name="Settings.Caption">Application settings</string>
	<string name="Settings.SaveMessage">Some changes won't take effect until the application has been restarted</string>

	<string name="Settings.PrepareUninstall">Uninstall</string>
	<string name="Settings.PrepareUninstall.Button">Prepare to uninstall</string>
	<string name="Settings.PrepareUninstall.Caption">Are you sure you want to uninstall %1</string>
	<string name="Settings.PrepareUninstall.Message">This action will uninstall the virtual file system service and allow you to uninstall this appliction correctly. Afterwards, you should delete all application files and restart your computer.</string>
	<string name="Settings.PrepareUninstall.Success">Virtual file system has been successfully uninstalled. Restart your computer to complete the uninstallation procedure.</string>
	<string name="Settings.PrepareUninstall.Error">Failed to uninstall the virtual file system service.</string>
	<string name="Settings.PrepareUninstall.RebootNow">Restart now</string>
	<string name="Settings.PrepareUninstall.RebootLater">Restart later</string>

	<string name="Settings.ValueName.Language">UI language</string>
	<string name="Settings.ValueName.StartupWorkspace">Start page</string>
	<string name="Settings.ValueName.InstancesLocation">Instances folder</string>
	<string name="Settings.ValueName.PackagesLocation">Installation package folder</string>
	<string name="Settings.ValueName.AutoShowPackageInfo">Automatically show information about the installation package</string>
	<string name="Settings.ValueName.FOModUseHTTPSForXMLScheme">Use HTTPS protocol in FOMod XML-scheme</string>
	<string name="Settings.ValueName.DownloadsFolder">Downloads folder</string>

	<string name="Settings.ValueName.VirtualFileSystem.Library">Library</string>
	<string name="Settings.ValueName.VirtualFileSystem.Log">Enable Log</string>

	<string name="Settings.ValueName.Var.ActualGameDir">$(GameShortName) installation folder</string>

	<!-- About dialog -->
	<string name="About.SourceCodeLocation">Source code can be found on</string>
	<string name="About.Components">Components</string>

	<!-- Instance selection -->
	<string name="InstanceSelection.Caption">Select instance</string>
	<string name="InstanceSelection.CreateInstance">Create instance</string>
	<string name="InstanceSelection.RemoveInstance">Delete instance</string>
	<string name="InstanceSelection.CreateShortcut">Create shortcut</string>
	<string name="InstanceSelection.InvalidInstance">Invalid instance</string>

	<string name="InstanceSelection.GameNotFound.Caption">Failed to locate %1</string>
	<string name="InstanceSelection.GameNotFound.Message">%1 installation folder not found or doesn't exist. Select the folder manually to continue.</string>

	<string name="InstanceSelection.ChangeInstanceDialog.Caption">To change instance, the application must be restarted</string>
	<string name="InstanceSelection.ChangeInstanceDialog.Message">Do you want to restart now?</string>
	<string name="InstanceSelection.ChangeInstanceDialog.Yes">Restart now</string>
	<string name="InstanceSelection.ChangeInstanceDialog.No">Don't restart</string>
	<string name="InstanceSelection.ChangeInstanceDialog.Cancel">Cancel instance change</string>

	<string name="InstanceSelection.ConfirmRemoving.Caption">Are you sure you want to delete instance "%1"?</string>
	<string name="InstanceSelection.ConfirmRemoving.Message">
		<![CDATA[This cannot be undone.

This folder and all its contents will be deleted: %1]]>
	</string>

	<!-- Instance creation/editing -->
	<string name="InstanceCreatorDialog.Caption">Create new instance for "%1"</string>
	<string name="InstanceCreatorDialog.NameLabel">Instance name</string>

	<string name="InstanceCreatorDialog.CopyFrom">Copy data from instance</string>
	<string name="InstanceCreatorDialog.CopyInstanceConfig">Copy instance settings</string>
	<string name="InstanceCreatorDialog.CopyModTags">Copy mod tags</string>
	<string name="InstanceCreatorDialog.CopyPrograms">Copy programs list</string>

	<string name="InstanceCreatorDialog.InstanceNameInvalid">Invalid Instance name. Choose another name.</string>
	<string name="InstanceCreatorDialog.InstanceNameCollision">A instance with this name already exists. Specify a different name.</string>
	<string name="InstanceCreatorDialog.CreationError">Failed to create a new instance</string>
	<string name="InstanceCreatorDialog.DeletionError">Failed to delete this instance</string>

	<string name="OpenLocation.AppSettings">Manager settings</string>
	<string name="OpenLocation.GameRoot">Game folder</string>
	<string name="OpenLocation.VirtualGameRoot">Virtual game folder</string>
	<string name="OpenLocation.ConfigRootTarget">Game settings folder</string>
	<string name="OpenLocation.VirtualConfigRoot">Virtual game settings folder</string>
	<string name="OpenLocation.WriteTargetRoot">Overwrite folder</string>
	<string name="OpenLocation.CurrentProfileRoot">Current profile folder</string>
	<string name="OpenLocation.ProfilesRoot">Profiles folder</string>
	<string name="OpenLocation.ModsRoot">Mods folder</string>
	<string name="OpenLocation.ModPackages">Installation packages</string>
	<string name="OpenLocation.Saves">Saves folder</string>

	<!-- ToolBar -->
	<string name="ToolBar.QuickSettingsMenu">Quick settings menu</string>
	<string name="ToolBar.Help">Help</string>

	<!-- Main menu -->
	<string name="MainMenu.Settings">Settings</string>
	<string name="MainMenu.ChangeInstance">Change instance. Current: $(GameShortName) - $(InstanceID)</string>
	<string name="MainMenu.Run">Run</string>
	<string name="MainMenu.OpenLocation">Open location</string>
	<string name="MainMenu.About">About</string>

	<!-- Notification Center -->
	<string name="NotificationCenter.Name">Notification center</string>
	<string name="NotificationCenter.NameShort">Notifications</string>

	<string name="NotificationCenter.ClearNotifications">Clear notifications</string>
	<string name="NotificationCenter.RemoveNotification">Remove notification</string>
	<string name="NotificationCenter.NoNotifications">No new notifications</string>

	<!-- Workspace controller -->
	<string name="Controller.SaveChanges.Caption">You have unsaved changes</string>
	<string name="Controller.SaveChanges.Message">Do you want to save changes?</string>
	<string name="Controller.SaveChanges.Save">Save changes</string>
	<string name="Controller.SaveChanges.Discard">Discard changes</string>

	<!-- Image viewer -->
	<string name="ImageViewer.Caption">Image viewer</string>

	<!-- Text editor -->
	<string name="TextEditor.Caption">View and edit text</string>
	<string name="TextEditor.ToolBar.Mode">Switch editor mode</string>
	<string name="TextEditor.ToolBar.Heading">Header</string>

	<!-- GameConfig module -->
	<string name="GameConfigModule.Name">Game configuration</string>
	<string name="GameConfigModule.NameShort">Configurator</string>

	<!-- Program module -->
	<string name="ProgramsModule.Name">Program manager</string>

	<!-- Program Manager -->
	<string name="ProgramManager.Name">Program manager</string>
	<string name="ProgramManager.NameShort">Programs</string>

	<string name="ProgramManager.FileNotFound">File not found</string>
	<string name="ProgramManager.PreMainFileNotFound1">Some additional software could not be found on your computer</string>
	<string name="ProgramManager.PreMainFileNotFound2">Install this software or disable it in the manager.</string>
	<string name="ProgramManager.NoPrograms">No programs are available</string>
	<string name="ProgramManager.ExecutingPreMain">Launching additional software</string>
	<string name="ProgramManager.ExecutingMain">Launching the game</string>
	<string name="ProgramManager.Executing">Launching $(GameName)</string>
	<string name="ProgramManager.PreparingRun">Preparing</string>
	<string name="ProgramManager.RunFailed">Failed to create process</string>
	<string name="ProgramManager.WaitingReturn">Waiting to complete</string>
	<string name="ProgramManager.WaitingReturnAttach">Waiting for the additional software to terminate in order to attach it to the main process</string>
	<string name="ProgramManager.TryAttach">Attaching to the main process</string>
	<string name="ProgramManager.TryAttachFailed">Failed to attach to the main process</string>
	<string name="ProgramManager.Terminated">The program completed processing %1 code</string>

	<string name="ProgramManager.List.RequiresVFS">Requires VFS</string>
	<string name="ProgramManager.List.ShowInMainMenu">Show in main menu</string>
	<string name="ProgramManager.List.Arguments">Arguments</string>
	<string name="ProgramManager.List.Executable">Executable</string>
	<string name="ProgramManager.List.WorkingDirectory">Working directory</string>

	<string name="ProgramManager.Menu.RunProgram">Run program</string>
	<string name="ProgramManager.Menu.AddProgram">Add program</string>
	<string name="ProgramManager.Menu.EditProgram">Edit program</string>
	<string name="ProgramManager.Menu.RemoveProgram">Remove program</string>

	<string name="ProgramManager.Menu.ClearPrograms">Clear programs</string>
	<string name="ProgramManager.Menu.ClearPrograms.Message">Are you sure you want to remove all programs? This action cannot be undone.</string>
	<string name="ProgramManager.Menu.LoadDefaultPrograms">Load default programs</string>

	<string name="ProgramManager.Menu.ChooseProgram">Edit "%1"</string>
	<string name="ProgramManager.Menu.ChooseIcon">Choose icon</string>
	<string name="ProgramManager.Menu.ChooseExecutable">Choose executable file</string>
	<string name="ProgramManager.Menu.ChooseWorkingDirectory">Choose working directory</string>

	<string name="ProgramManager.Menu.ShowExpandedValues">Show expanded values</string>

	<!-- Game Mods Module -->
	<string name="GameModsModule.Name">Game mods module</string>

	<!-- Mod Manager -->
	<string name="ModManager.Name">Mod manager</string>
	<string name="ModManager.NameShort">Mods</string>

	<string name="ModManager.ExtractingPackageFiles">Extract installer files</string>
	<string name="ModManager.TagsDialog">Edit tags</string>
	<string name="ModManager.SitesEditor">Edit websites</string>
	<string name="ModManager.Tools">Tools</string>

	<string name="ModManager.ModList.Name">Name</string>
	<string name="ModManager.ModList.ID">ID</string>
	<string name="ModManager.ModList.Version">Version</string>
	<string name="ModManager.ModList.Author">Author</string>
	<string name="ModManager.ModList.Tags">Tags</string>
	<string name="ModManager.ModList.Sources">Sources</string>
	<string name="ModManager.ModList.DateInstall">Date installed</string>
	<string name="ModManager.ModList.DateUninstall">Date uninstalled</string>
	<string name="ModManager.ModList.ModFolder">Folder</string>
	<string name="ModManager.ModList.PackagePath">Installation package</string>
	<string name="ModManager.ModList.Signature">Signature</string>

	<string name="ModManager.DisplayMode.Caption">Change display mode</string>
	<string name="ModManager.DisplayMode.Connector">Activation</string>
	<string name="ModManager.DisplayMode.Log">Log</string>
	<string name="ModManager.DisplayMode.ShowPriorityGroups">Show priority groups</string>
	<string name="ModManager.DisplayMode.ShowNotInstalledMods">Show not installed mods</string>
	<string name="ModManager.DisplayMode.BoldPriorityGroupLabels">Bold priority group labels</string>
	<string name="ModManager.DisplayMode.PriorityGroupLabelsAlignment">Priority group labels alignment</string>

	<string name="ModManager.VFS.Enable">Run VFS</string>
	<string name="ModManager.VFS.Disable">Terminate VFS</string>
	<string name="ModManager.VFSActiveWarning">This action cannot be completed as long as the VFS is active</string>
	<string name="ModManager.WriteTargetName">Overwrites folder</string>

	<string name="ModManager.NewMod.NewEmptyMod">New empty mod</string>
	<string name="ModManager.NewMod.NewModFromFolder">New mod from folder</string>
	<string name="ModManager.NewMod.InstallPackage">Select installer</string>
	<string name="ModManager.NewMod.ImportFrom">Import from %1</string>

	<string name="ModManager.NewMod.DialogCaption">Add new mod</string>
	<string name="ModManager.NewMod.DialogMessage">Enter mod name</string>
	<string name="ModManager.NewMod.NameInvalid">Invalid mod name</string>
	<string name="ModManager.NewMod.NameCollision">There is already a mod with the same name as you specified. Specify a different name.</string>
	<string name="ModManager.NewMod.CopyDialogCaption">Copy mod data</string>
	<string name="ModManager.NewMod.FromFolderMessageCopy">The contents of the selected folder will be copied to the folder where mod data are located</string>
	<string name="ModManager.NewMod.FromFolderMessageLink">The contents of the selected folder will be used as mod files</string>
	<string name="ModManager.NewMod.SelectedFolder">Selected folder</string>
	<string name="ModManager.NewMod.SelectedFolderNone">No folder selected</string>
	<string name="ModManager.NewMod.CreateAsLinkedMod">Create as linked mod</string>

	<string name="ModManager.RemoveMod.CaptionUninstall">Are you sure you want to uninstall "%1"?</string>
	<string name="ModManager.RemoveMod.CaptionUninstallAndErase">Are you sure you want to uninstall "%1" and delete the corresponding log entry?</string>
	<string name="ModManager.RemoveMod.CaptionErase">Are you sure you want to delete "%1" entry from log?</string>
	<string name="ModManager.RemoveMod.Message">This action cannot be undone</string>
	<string name="ModManager.RemoveMod.RemovingMessage">Delete mod data</string>

	<string name="ModManager.Menu.InstallMod">Install</string>
	<string name="ModManager.Menu.UninstallMod">Uninstall</string>
	<string name="ModManager.Menu.UninstallAndErase">Unistall and delete from log</string>
	<string name="ModManager.Menu.Erase">Delete from log</string>
	<string name="ModManager.Menu.OpenModFilesLocation">Mod files location</string>
	<string name="ModManager.Menu.ChangeModFilesLocation">Change mod files location</string>
	<string name="ModManager.Menu.RevertModFilesLocation">Move mod files into profile</string>
	<string name="ModManager.Menu.Image">Image</string>
	<string name="ModManager.Menu.Image.Show">Show image</string>
	<string name="ModManager.Menu.Image.Assign">Assign image</string>
	<string name="ModManager.Menu.Image.ScaleAspect">Scale maintaining aspect ratio</string>
	<string name="ModManager.Menu.Image.Stretch">Stretch</string>
	<string name="ModManager.Menu.Image.Fill">Fill</string>
	<string name="ModManager.Menu.EditDescription">Edit description</string>
	<string name="ModManager.Menu.EditTags">Edit tags</string>
	<string name="ModManager.Menu.EditSites">Edit websites</string>
	<string name="ModManager.Menu.ChangeID">Change identifier</string>
	<string name="ModManager.Menu.ExploreFiles">Show files</string>
	<string name="ModManager.Menu.ShowCollisions">Show collisions</string>
	<string name="ModManager.Menu.Properties">Properties</string>
	<string name="ModManager.Menu.Package">Installer</string>
	<string name="ModManager.Menu.Package.Open">Open</string>
	<string name="ModManager.Menu.Package.OpenLocation">File location</string>
	<string name="ModManager.Menu.Package.Assign">Assign file</string>
	<string name="ModManager.Menu.Package.Remove">Delete file</string>
	<string name="ModManager.Menu.Package.Extract">Extract files</string>
	<string name="ModManager.Menu.Package.ImportProject">Import project</string>
	<string name="ModManager.Menu.Package.CreateProject">Create project</string>

	<string name="ModManager.Menu.Tag.ActivateAll">Activate all</string>
	<string name="ModManager.Menu.Tag.DeactivateAll">Deactivate all</string>

	<string name="ModManager.Profile">Profile</string>
	<string name="ModManager.Profile.Configure">Configure profiles</string>
	<string name="ModManager.Profile.Export">Export profile</string>
	<string name="ModManager.Profile.RemoveDialog">Are you sure you want to delete this profile? This operation cannot be undone.</string>
	<string name="ModManager.Profile.AlreadyExist">Profile with this name already exist</string>
	<string name="ModManager.Profile.RenameFailed">Failed to rename profile list</string>

	<string name="ModManager.Profile.LocalSaves">Local saves</string>
	<string name="ModManager.Profile.LocalConfig">Local game config</string>

	<string name="ModManager.Statistics">Statistics</string>
	<string name="ModManager.Statistics.Status">Calculating statistics</string>
	<string name="ModManager.Statistics.ModCountTotal">All mods</string>
	<string name="ModManager.Statistics.ModCountActive">Active mods</string>
	<string name="ModManager.Statistics.ModCountInactive">Inactive mods</string>
	<string name="ModManager.Statistics.FilesCount">Total files</string>
	<string name="ModManager.Statistics.FoldersCount">Total folders</string>
	<string name="ModManager.Statistics.FilesAndFoldersCount">Files and folders count</string>
	<string name="ModManager.Statistics.UsedSpace">Space used by mods</string>

	<string name="ModManager.Import.Caption">Import from another mod manager</string>
	<string name="ModManager.Import.ManagedGame">Managed game</string>
	<string name="ModManager.Import.OverwriteWarning">Importing data from another mod manager can result in loss of data in this instance.</string>
	<string name="ModManager.Import.TargetProfileMismatch">The current selected game does not match the game controlled by this mod-manager. Import at your own risk.</string>
	<string name="ModManager.Import.TargetProfileNotFound">Data on the game managed by this mod manager is not found. Import at your own risk.</string>
	<string name="ModManager.Import.SkipExisingMods">Skip existing mods</string>
	<string name="ModManager.Import.InfoFound">Data from %1 was found. Begin import?</string>
	<string name="ModManager.Import.CanNotImport">Can't find data to import</string>

	<string name="ModExplorer.Caption">Show mod files</string>
	<string name="ModExplorer.Collisions">Collisions</string>
	<string name="ModExplorer.Collisions.Count">Total collisions</string>
	<string name="ModExplorer.Collisions.Searching">Searching collisions</string>
	<string name="ModExplorer.Collisions.NoneFound">No collisions found</string>

	<string name="ModExplorer.Collision.Unknown">Unknown collision</string>
	<string name="ModExplorer.Collision.Overwritten">Overwritten by "%1"</string>
	<string name="ModExplorer.Collision.Owerwrites">Owerwrites "%1"</string>

	<string name="VirtualGameFolderWS.Name">Virtual game folder</string>
	<string name="VirtualGameFolderWS.NameShort">Game data</string>

	<!-- Tag Manager -->
	<string name="TagManager.Name">Tag manager</string>
	<string name="TagManager.PrimaryTag">Primary tag</string>

	<string name="TagManager.LoadDefaultTags">Load default tags</string>
	<string name="TagManager.LoadDefaultTags.Message">Are you sure you want to load default tags?</string>
	<string name="TagManager.RemoveTag.Message">Are you sure you want to delete this tag? This will remove him from the system and break its connection with all mods.</string>

	<string name="TagManager.Tag.Animation">Animation</string>
	<string name="TagManager.Tag.Armor">Armor</string>
	<string name="TagManager.Tag.Clothing">Clothing</string>
	<string name="TagManager.Tag.Jewelry">Jewelry</string>
	<string name="TagManager.Tag.Weapons">Weapons</string>
	<string name="TagManager.Tag.Gameplay">Gameplay</string>
	<string name="TagManager.Tag.Immersion">Immersion</string>
	<string name="TagManager.Tag.Environment">Environment</string>
	<string name="TagManager.Tag.SkillsAndLeveling">Skills and Leveling</string>
	<string name="TagManager.Tag.GuildsAndFactions">Guilds and Factions</string>
	<string name="TagManager.Tag.Stealth">Stealth</string>
	<string name="TagManager.Tag.Combat">Combat</string>
	<string name="TagManager.Tag.Crafting">Crafting</string>
	<string name="TagManager.Tag.Magic">Magic - Spells and Enchantments</string>
	<string name="TagManager.Tag.MagicGameplay">Magic - Gameplay</string>
	<string name="TagManager.Tag.BooksAndScrolls">Books and Scrolls</string>
	<string name="TagManager.Tag.Alchemy">Alchemy</string>
	<string name="TagManager.Tag.Quests">Quests and Adventures</string>
	<string name="TagManager.Tag.Buildings">Castles, Palaces, Mansions and Estates</string>
	<string name="TagManager.Tag.Settlements">Cities, Towns, Villages and Hamlets</string>
	<string name="TagManager.Tag.Mercantiles">Shops, Stores, Inns and Taverns</string>
	<string name="TagManager.Tag.NewLands">New Lands</string>
	<string name="TagManager.Tag.Dungeons">Dungeons</string>
	<string name="TagManager.Tag.AbandonedStructures">Forts, Ruins and Abandoned Structures</string>
	<string name="TagManager.Tag.PlayerHomes">Player homes</string>
	<string name="TagManager.Tag.Landscape">Landscape</string>
	<string name="TagManager.Tag.Overhauls">Overhauls</string>
	<string name="TagManager.Tag.Conversions">Total conversions</string>
	<string name="TagManager.Tag.Audio">Music, SFX and voices</string>
	<string name="TagManager.Tag.UserInterface">User Interface and Controls</string>
	<string name="TagManager.Tag.NPC">NPC</string>
	<string name="TagManager.Tag.Body">Body</string>
	<string name="TagManager.Tag.Face">Face</string>
	<string name="TagManager.Tag.Hair">Hair</string>
	<string name="TagManager.Tag.Races">Races</string>
	<string name="TagManager.Tag.Followers">Followers</string>
	<string name="TagManager.Tag.Creatures">Creatures</string>
	<string name="TagManager.Tag.Mounts">Mounts</string>
	<string name="TagManager.Tag.ModelsAndTextures">Models and Textures</string>
	<string name="TagManager.Tag.Graphics">Graphics and visuals</string>
	<string name="TagManager.Tag.ENBPresets">ENB presets</string>
	<string name="TagManager.Tag.Collectables">Collectables</string>
	<string name="TagManager.Tag.ItemsAndObjects">Items and objects</string>
	<string name="TagManager.Tag.Cheats">Cheats and God items</string>
	<string name="TagManager.Tag.Fixes">Bug fixes</string>
	<string name="TagManager.Tag.xSEPlugins">Plugins for $(ScriptExtenderID)</string>
	<string name="TagManager.Tag.Utilities">Utilities</string>
	<string name="TagManager.Tag.Configuration">Configuration</string>
	<string name="TagManager.Tag.Resources">Modders resources and tutorials</string>
	<string name="TagManager.Tag.SaveGames">Save Games</string>
	<string name="TagManager.Tag.Misc">Miscellaneous</string>

	<!-- Network module-->
	<string name="NetworkModule.Name">Network</string>

	<!-- NetworkManager -->
	<string name="NetworkManager.Name">Network manager</string>
	<string name="NetworkManager.ModNetwork">Mod network</string>
	<string name="NetworkManager.ModNetwork.Default">Default mod network</string>
	<string name="NetworkManager.ModNetwork.MakeDefault">Make default</string>

	<string name="NetworkManager.ModNetwork.AccountInfo">Account information</string>
	<string name="NetworkManager.ModNetwork.ShowAccountInfo">Show account information</string>

	<string name="NetworkManager.AuthCaption">Authentication on %1</string>
	<string name="NetworkManager.AuthMessage">Enter your username and password to log in to your account.</string>
	<string name="NetworkManager.AuthSuccess">Authentication on %1 completed successfully</string>
	<string name="NetworkManager.AuthFail">Authentication on %1 failed</string>
	<string name="NetworkManager.AuthReset">Authentication on %1 was reset</string>

	<string name="NetworkManager.SignIn">Sign in</string>
	<string name="NetworkManager.RetrySignIn">Retry sign in</string>
	<string name="NetworkManager.SignOut">Sign out</string>
	<string name="NetworkManager.SignedIn">Signed in</string>
	<string name="NetworkManager.NotSignedIn">Not signed in</string>
	<string name="NetworkManager.SignOutMessage">Are you sure you want to sign out of "%1" account?</string>

	<string name="NetworkManager.QueryLimits">Query limits</string>
	<string name="NetworkManager.QueryLimits.Hourly">Hourly: %1/%2</string>
	<string name="NetworkManager.QueryLimits.Daily">Daily: %1/%2</string>
	<string name="NetworkManager.QueryLimits.Description"><![CDATA[This display tracks the number of queued requests to %1 and the remaining daily and hourly requests. The %1 API limits you to a pool of requests per day and requests per hour. It is dynamically updated every time a request is completed. If you run out of requests, you will be unable to queue downloads, check updates, query mod info and so on. Both pools must be consumed before this happens.]]></string>
	<string name="NetworkManager.RequestQuotaReched">Query limit to %1 has been reached for a period of time</string>

	<string name="NetworkManager.UpdateCheck.AutoCheckStarted">Automatic check for mods updates started</string>
	<string name="NetworkManager.UpdateCheck.AutoCheckDone">Automatic check for mod updates done. %1 mod(s) updated</string>
	<string name="NetworkManager.UpdateCheck.AutoCheckQuoteReqched">Unable to start the automatic mods update check because the available number of requests has been exhausted</string>
	
	<string name="NetworkManager.Nexus.UserIsPremium">Premium user</string>
	<string name="NetworkManager.Nexus.UserIsSupporter">Supporter user</string>
	<string name="NetworkManager.Nexus.APIKey">API Key</string>
	<string name="NetworkManager.Nexus.EnterAPIKey">Enter API Key</string>

	<string name="NetworkManager.UpdateTooltip.Caption">Updates information available</string>
	<string name="NetworkManager.UpdateTooltip.AnyUpdates">There's a new version (%1) of this mod available on %2</string>
	<string name="NetworkManager.UpdateTooltip.AnyDeletions">This mod was not found on %1</string>

	<string name="NetworkManager.Nexus.CopyNXM">Copy NXM-link</string>

	<!-- NXMHandler -->
	<string name="NetworkManager.NXMHandler.Caption">Configure NXM-handler</string>

	<string name="NetworkManager.NXMHandler.RegisterAssociations">Register associations</string>
	<string name="NetworkManager.NXMHandler.UnregisterAssociations">Unregister associations</string>
	<string name="NetworkManager.NXMHandler.RegisteredToLabel">Currently registered to: %1</string>

	<string name="NetworkManager.NXMHandler.GetAssociationsFailed">Failed to get file association information</string>
	<string name="NetworkManager.NXMHandler.RegisterAssociationsFailed">Failed to register file associations</string>
	<string name="NetworkManager.NXMHandler.UnregisterAssociationsFailed">Failed to unregister file associations</string>

	<string name="NetworkManager.NXMHandler.PrimaryHandler.Caption">Register as primary NXM handler</string>
	<string name="NetworkManager.NXMHandler.PrimaryHandler.Message">There is no primary NXM handler registered in the system. Install %1 as the primary handler?</string>

	<string name="NetworkManager.NXMHandler.Game">Game</string>
	<string name="NetworkManager.NXMHandler.NexusID">Nexus ID</string>
	<string name="NetworkManager.NXMHandler.Target">Target</string>

	<string name="NetworkManager.NXMHandler.ExternalProgram">External program</string>
	<string name="NetworkManager.NXMHandler.ConfigureExecutable">Configure executable</string>
	<string name="NetworkManager.NXMHandler.InvalidExecutable">Invalid executable</string>

	<!-- Download Manager -->
	<string name="DownloadManager.Name">Download manager</string>
	<string name="DownloadManager.NameShort">Downloads</string>

	<string name="DownloadManager.DownloadLocation">Downloads folder</string>
	<string name="DownloadManager.DownloadLocation.Invalid">The downloads folder is not specified or does not exist. Select the folder where you want to store the downloads</string>
	<string name="DownloadManager.DownloadLocation.InsufficientSpace">Not enough space to save the file</string>
	<string name="DownloadManager.DownloadLocation.InsufficientCapabilities">The device does not support the features required to save the file</string>

	<string name="DownloadManager.RemoveDownloadsCaption">Deleting downloads</string>
	<string name="DownloadManager.RemoveDownloadsMessage">Are you sure you want to delete all downloads?</string>
	<string name="DownloadManager.RemoveInstalledDownloadsMessage">Are you sure you want to delete all installed downloads?</string>

	<string name="DownloadManager.Notification.DownloadStarted">Download started</string>
	<string name="DownloadManager.Notification.DownloadStartedEx">%1</string>
	<string name="DownloadManager.Notification.DownloadCompleted">Download completed</string>
	<string name="DownloadManager.Notification.DownloadCompletedEx">%1</string>
	<string name="DownloadManager.Notification.DownloadFailed">Download failed</string>
	<string name="DownloadManager.Notification.DownloadFailedEx">%1</string>
	<string name="DownloadManager.Notification.QueryDownloadInfoFailed">Could not request download information for %1</string>
	<string name="DownloadManager.Notification.RestoreDownloadFailed">Failed to restore download information from %1</string>

	<string name="DownloadManager.ConcurrentDownloads.Label">Concurrent downloads</string>
	<string name="DownloadManager.ConcurrentDownloads.Unlimited">Unlimited</string>

	<string name="DownloadManager.RefreshItems.Caption">Refresh download list</string>
	<string name="DownloadManager.RefreshItems.Message"><![CDATA[Refreshing downloads list will cause any running downloads to be paused. If the download source doesn't suport resuming you would have to restart the download.

Are you really sure you want to refresh the list?]]></string>

	<!-- Context menu -->
	<string name="DownloadManager.Menu.Install">Install</string>
	<string name="DownloadManager.Menu.Add">Add download</string>

	<string name="DownloadManager.Menu.AddFromURL">Add download from URL</string>
	<string name="DownloadManager.Menu.AddFromURL.Message">Enter a URL to start download</string>

	<string name="DownloadManager.Menu.Start">Start</string>
	<string name="DownloadManager.Menu.Resume">Resume</string>
	<string name="DownloadManager.Menu.Pause">Pause</string>
	<string name="DownloadManager.Menu.Abort">Abort</string>

	<string name="DownloadManager.Menu.SetSource">Change source</string>
	<string name="DownloadManager.Menu.SetSource.Message">Enter new network ID for this download</string>

	<string name="DownloadManager.Menu.SetTargetGame">Change target game</string>
	<string name="DownloadManager.Menu.QueryInfo">Query info</string>
	<string name="DownloadManager.Menu.ShowChangeLog">Show change log</string>
	<string name="DownloadManager.Menu.ResetDownloadLink">Reset download link</string>
	<string name="DownloadManager.Menu.VisitOnWebSite">Visit on %1</string>

	<string name="DownloadManager.Menu.Remove">Remove download</string>
	<string name="DownloadManager.Menu.RemoveAll">Remove all downloads</string>
	<string name="DownloadManager.Menu.RemoveInstalled">Remove all installed</string>

	<string name="DownloadManager.Menu.Hide">Hide</string>
	<string name="DownloadManager.Menu.Unhide">Unhide</string>
	<string name="DownloadManager.Menu.HideAll">Hide all downloads</string>
	<string name="DownloadManager.Menu.HideInstalled">Hide all installed downloads</string>
	<string name="DownloadManager.Menu.UnhideAll">Unhide all downloads</string>

	<string name="DownloadManager.Menu.AlwaysShowHidden">Always show hidden downloads</string>
	<string name="DownloadManager.Menu.ShowArchivesOnly">Show archives only</string>

	<string name="DownloadManager.Menu.CopyLink">Copy link</string>

	<!-- VFS -->
	<string name="VFS.Caption">Virtual File System</string>

	<string name="VFS.Service.InitFailed">Failed to load the virtual file system library. Unable to continue.</string>
	<string name="VFS.Service.InstallCaption">Install virtual file system service</string>
	<string name="VFS.Service.InstallMessage">Virtual file system (VFS) service has not been installed. After this window has been closed, VFS service and driver will be installed.</string>
	<string name="VFS.Service.InstallFailed">Failed to install the virtual file system service.</string>
	<string name="VFS.Service.UnhandledException">Unhandled exception occurred in virtual file system (VFS) service. The service will be restarted.</string>

	<string name="VFS.MountingCaptionEnable">Mounting the virtual file system</string>
	<string name="VFS.MountingCaptionDisable">Unmounting the virtual file system</string>
	<string name="VFS.MountingMessage">This might take some time.</string>
	<string name="VFS.MountFailed">Failed to mount the virtual file system.</string>
	<string name="VFS.UnMountFailed">Failed to unmount virtual file system.</string>
	<string name="VFS.PrepareMountPointFailed">Failed to prepare the mount point.</string>

	<string name="VFS.MountPoint">Mount point</string>
	<string name="VFS.MountPointNotEmpty.Caption">File system can't be mounted in a folder that is not empty</string>
	<string name="VFS.MountPointNotEmpty.Message">Either delete this folder or delete all files from there and try again.</string>
	<string name="VFS.AskUnmountOnExit">Do you want to unmount VFS and exit the program?</string>

	<string name="VFS.Status.Active">Virtual file system is active</string>
	<string name="VFS.Status.Inactive">Virtual file system is not active</string>

	<string name="VFS.WriteMode.Caption">VFS writing mode</string>
	<string name="VFS.WriteMode.Disabled">Writing disabled</string>
	<string name="VFS.WriteMode.TargetFile">Overwrite</string>
	<string name="VFS.WriteMode.FileCopy">Write to a copy</string>

	<string name="VFS.ActiveProcesses.Caption">Active processes</string>
	<string name="VFS.ActiveProcesses.Message">Following applications were launched from the VFS. Close them and retry.</string>

	<string name="VFS.Error0">Virtual file system successfully mounted.</string>
	<string name="VFS.Error1">Unable to mount.</string>
	<string name="VFS.Error2">Invalid drive.</string>
	<string name="VFS.Error3">Unable to install the driver. The driver might not be installed.</string>
	<string name="VFS.Error4">Initialization error.</string>
	<string name="VFS.Error5">Unable to assign drive letter or mount point. This might be because mount point is not empty or is assigned to a different device.</string>
	<string name="VFS.Error6">Invalid mount point.</string>
	<string name="VFS.Error7">Incompatible version.</string>
	<string name="VFS.Error1000">Virtual file system is not running.</string>
	<string name="VFS.Error10000">Unknown error.</string>

	<!-- GameData module -->
	<string name="GameDataModule.Name">Game data module</string>

	<!-- PluginManager -->
	<string name="PluginManager.Name">Plugin manager</string>
	<string name="PluginManager.NameShort">Plugins</string>

	<string name="PluginManager.PluginCounter.Total">Total</string>
	<string name="PluginManager.PluginCounter.Active">Active</string>

	<string name="PluginManager.PluginType.Normal">Normal</string>
	<string name="PluginManager.PluginType.Master">Master</string>
	<string name="PluginManager.PluginType.Light">Light</string>

	<string name="PluginManager.ActivateAll">Activate all plugins</string>
	<string name="PluginManager.DeactivateAll">Deactivate all plugins</string>
	<string name="PluginManager.Sorting">Sorting</string>
	<string name="PluginManager.PluginDependencies">Plugin dependencies</string>
	<string name="PluginManager.DependentPlugins">Dependent plugins</string>

	<string name="PluginManager.Tools.ImportList">Import plugins list</string>
	<string name="PluginManager.Tools.ExportList">Export plugins list</string>
	<string name="PluginManager.Tools.ExportListActive">Export active plugins list</string>

	<string name="PluginManager.Sorting.Missing.Caption">Program "%1" could not be found on your computer</string>
	<string name="PluginManager.Sorting.Missing.Message">Specify the program's location to perform the sorting.</string>
	<string name="PluginManager.Sorting.Waiting.Caption">Waiting to complete</string>

	<string name="PluginManager.LootAPI.CanNotUpdateMasterlist">Can't update master list</string>

	<!-- Screenshots Gallery -->
	<string name="ScreenshotsGallery.Name">Screenshot gallery</string>
	<string name="ScreenshotsGallery.NameShort">Screenshots</string>

	<!-- Save Manager -->
	<string name="SaveManager.Name">Saves manager</string>
	<string name="SaveManager.NameShort">Saves</string>

	<string name="SaveManager.InvalidFile">Invalid file format</string>

	<string name="SaveManager.SyncPluginsList">Synchronize plugin list</string>
	<string name="SaveManager.SavePluginsList">Save plugin list</string>

	<string name="SaveManager.Filter.Saves">Saves</string>
	<string name="SaveManager.Filter.CoSaves">Complementary save files</string>
	<string name="SaveManager.Filter.Backups">Backups</string>

	<string name="SaveManager.List.File">File</string>
	<string name="SaveManager.List.Size">Size</string>
	<string name="SaveManager.List.ModificationDate">Date modified</string>

	<string name="SaveManager.InfoList.Label">Parameter</string>
	<string name="SaveManager.InfoList.Value">Value</string>

	<string name="SaveManager.Tab.BasicInfo">Info</string>
	<string name="SaveManager.Tab.PluginsList">Plugin list</string>

	<string name="SaveManager.Info.SaveIndex">Save</string>
	<string name="SaveManager.Info.SaveName">Save name</string>
	<string name="SaveManager.Info.GameVersion">Game version</string>
	<string name="SaveManager.Info.Language">Language</string>
	<string name="SaveManager.Info.Name">Name</string>
	<string name="SaveManager.Info.Level">Level</string>
	<string name="SaveManager.Info.Location">Location</string>
	<string name="SaveManager.Info.TimeInGame">Time played</string>
	<string name="SaveManager.Info.Sex">Sex</string>
	<string name="SaveManager.Info.SexMale">Male</string>
	<string name="SaveManager.Info.SexFemale">Female</string>
	<string name="SaveManager.Info.Race">Race</string>
	<string name="SaveManager.Info.Karma">Karma</string>

	<!-- Packages module -->
	<string name="PackagesModule.Name">Packages module</string>

	<!-- Package Manager -->
	<string name="PackageManager.Name">Package manager</string>
	<string name="PackageManager.CreatorName">Package creator</string>
	<string name="PackageManager.PackagesListName">Installation packages</string>

	<string name="PackageManager.ReqCategory.General">General</string>
	<string name="PackageManager.ReqCategory.DLC">DLC</string>
	<string name="PackageManager.ReqCategory.Conversions">Conversions</string>
	<string name="PackageManager.ReqCategory.Frameworks">Frameworks</string>
	<string name="PackageManager.ReqCategory.BodyReplacers">Body replacers</string>
	<string name="PackageManager.ReqCategory.Patches">Patches</string>
	<string name="PackageManager.ReqCategory.Extra">Extra</string>
	<string name="PackageManager.ReqCategory.Misc">Misc.</string>

	<!-- Package Creator -->
	<string name="PackageCreator.MenuBar.Project">Project</string>
	<string name="PackageCreator.MenuBar.Import">Import</string>
	<string name="PackageCreator.MenuBar.Build">Build</string>

	<string name="PackageCreator.MenuProject.New">New</string>
	<string name="PackageCreator.MenuProject.Open">Open</string>
	<string name="PackageCreator.MenuProject.Save">Save</string>
	<string name="PackageCreator.MenuProject.SaveAs">Save as</string>
	<string name="PackageCreator.MenuProject.SaveAsFOMod">Save as FOMod</string>
	<string name="PackageCreator.MenuProject.SaveAsKMP">Save as KMP</string>

	<string name="PackageCreator.MenuImport.FOModXML">Import from FOMod (XML)</string>
	<string name="PackageCreator.MenuImport.Package">Import from installation package</string>

	<string name="PackageCreator.MenuBuild.Build">Build</string>
	<string name="PackageCreator.MenuBuild.UpdateInfo">Update info</string>
	<string name="PackageCreator.MenuBuild.Preview">Build for preview</string>

	<string name="PackageCreator.Build.Caption">Building "%1"</string>
	<string name="PackageCreator.Build.Complete">Build complete</string>
	<string name="PackageCreator.Build.BuildError">Failed to build</string>
	<string name="PackageCreator.Build.CheckError">Some errors have been found while checking the project</string>
	<string name="PackageCreator.Build.CheckError.PackagePath">Invalid installation package name</string>
	<string name="PackageCreator.Build.CheckError.MissingFiles">These files are missing</string>

	<string name="PackageCreator.NewProjectName">New project</string>
	<string name="PackageCreator.SaveChanges.Caption">Project not saved</string>
	<string name="PackageCreator.SaveChanges.Message">Do you want to save now?</string>
	<string name="PackageCreator.IDCollision">An element with this ID already exists in the project.</string>
	<string name="PackageCreator.InvalidFlagName">Invalid flag name</string>

	<string name="PackageCreator.AddFile">Add file</string>
	<string name="PackageCreator.AddMultipleFiles">Add files</string>
	<string name="PackageCreator.AddFolder">Add folder</string>
	<string name="PackageCreator.AddMultipleFolders">Add folders</string>
	<string name="PackageCreator.ImportFiles">Import files</string>
	<string name="PackageCreator.ImportFromFiles">Import from files</string>

	<string name="PackageCreator.ImportFOMod">Import FOMod</string>
	<string name="PackageCreator.ExportFOMod">Export FOMod</string>
	<string name="PackageCreator.ProjectFolder">Project folder</string>
	<string name="PackageCreator.NewStepDialog">Add new step</string>
	<string name="PackageCreator.NewGroupDialog">Add new group</string>
	<string name="PackageCreator.RemoveStepDialog">Are you sure you want to delete the step "%1"? All groups in this step will be deleted as well.</string>
	<string name="PackageCreator.RemoveGroupDialog">Are you sure you want to delete the group "%1"? All elements in this group will be deleted as well.</string>

	<!-- Page: Info -->
	<string name="PackageCreator.PageInfo.Name">Information</string>

	<string name="PackageCreator.PageInfo.BasicInfo">Basic info</string>
	<string name="PackageCreator.PageInfo.BasicInfo.ID">Mod ID</string>
	<string name="PackageCreator.PageInfo.BasicInfo.Name">Name</string>
	<string name="PackageCreator.PageInfo.BasicInfo.Version">Version</string>
	<string name="PackageCreator.PageInfo.BasicInfo.Author">Author</string>
	<string name="PackageCreator.PageInfo.BasicInfo.Description">Description</string>
	<string name="PackageCreator.PageInfo.BasicInfo.Tags">Tags</string>

	<string name="PackageCreator.PageInfo.BasicInfo.AdditionalData">Additional data</string>
	<string name="PackageCreator.PageInfo.BasicInfo.Documents">Documents</string>
	<string name="PackageCreator.PageInfo.BasicInfo.TranslatedName">Localized name</string>
	<string name="PackageCreator.PageInfo.BasicInfo.Translatior">Localizer</string>
	<string name="PackageCreator.PageInfo.BasicInfo.UserData">User data</string>

	<string name="PackageCreator.PageInfo.Sites">Websites</string>
	<string name="PackageCreator.PageInfo.Sites.AdditionalSites">Additional websites</string>

	<string name="PackageCreator.PageInfo.Config">Settings</string>
	<string name="PackageCreator.PageInfo.Config.PackageOutputFile">Installation package file</string>
	<string name="PackageCreator.PageInfo.Config.CompressionLevel">Compression level</string>
	<string name="PackageCreator.PageInfo.Config.CompressionLevel.None">None</string>
	<string name="PackageCreator.PageInfo.Config.CompressionLevel.Fastest">Fastest</string>
	<string name="PackageCreator.PageInfo.Config.CompressionLevel.Fast">Fast</string>
	<string name="PackageCreator.PageInfo.Config.CompressionLevel.Normal">Normal</string>
	<string name="PackageCreator.PageInfo.Config.CompressionLevel.Maximum">Maximum</string>
	<string name="PackageCreator.PageInfo.Config.CompressionLevel.Ultra">Ultra</string>

	<string name="PackageCreator.PageInfo.Config.CompressionAdvanced">Advanced compression configuration</string>
	<string name="PackageCreator.PageInfo.Config.CompressionMethod">Compression method</string>
	<string name="PackageCreator.PageInfo.Config.DictionarySize">Dictionary size</string>
	<string name="PackageCreator.PageInfo.Config.DictionarySize.Memory">Memory required for compression</string>
	<string name="PackageCreator.PageInfo.Config.UseMultithreadedCompression">Multithreaded compression</string>
	<string name="PackageCreator.PageInfo.Config.SolidArchive">Solid archive</string>

	<!-- Page: FileData -->
	<string name="PackageCreator.PageFileData.Name">Files</string>
	<string name="PackageCreator.PageFileData.FolderContent">Folder contents</string>
	<string name="PackageCreator.PageFileData.ReplaceFolderContent">Replace folder content</string>

	<string name="PackageCreator.PageFileData.MainList">Files and folders</string>
	<string name="PackageCreator.PageFileData.MainList.InPackagePath">Location in the installer</string>
	<string name="PackageCreator.PageFileData.MainList.Source">Source</string>
	<string name="PackageCreator.PageFileData.MainList.Destination">Destination</string>

	<!-- Page: Interface -->
	<string name="PackageCreator.PageInterface.Name">Interface</string>

	<string name="PackageCreator.PageInterface.ImageList">Image list</string>
	<string name="PackageCreator.PageInterface.ImageList.Main">Main</string>
	<string name="PackageCreator.PageInterface.ImageList.Header">Header</string>
	<string name="PackageCreator.PageInterface.ImageList.Show">Show</string>
	<string name="PackageCreator.PageInterface.ImageList.Value">File</string>
	<string name="PackageCreator.PageInterface.ImageList.Label">Description</string>

	<!-- Page: Requirements -->
	<string name="PackageCreator.PageRequirements.Name">Requirements</string>
	<string name="PackageCreator.PageRequirements.Groups">Groups</string>
	<string name="PackageCreator.PageRequirements.DefaultGroups">Default groups</string>

	<string name="PackageCreator.PageRequirements.Type">Type</string>
	<string name="PackageCreator.PageRequirements.Type.System">System</string>
	<string name="PackageCreator.PageRequirements.Type.User">User</string>
	<string name="PackageCreator.PageRequirements.Type.Auto">Auto</string>
	<string name="PackageCreator.PageRequirements.CurrentVersion">Current version</string>
	<string name="PackageCreator.PageRequirements.RequiredVersion">Required version</string>
	<string name="PackageCreator.PageRequirements.RequiredState">Required state</string>
	<string name="PackageCreator.PageRequirements.RequiredState.ModActive">Mod active</string>
	<string name="PackageCreator.PageRequirements.RequiredState.ModInactive">Mod inactive</string>
	<string name="PackageCreator.PageRequirements.RequiredState.PluginActive">Plugin active</string>
	<string name="PackageCreator.PageRequirements.RequiredState.PluginInactive">Plugin inactive</string>
	<string name="PackageCreator.PageRequirements.RequiredState.FileExist">File exists</string>
	<string name="PackageCreator.PageRequirements.RequiredState.FileNotExist">File doesn't exist</string>
	<string name="PackageCreator.PageRequirements.CurrentState">Current state</string>
	<string name="PackageCreator.PageRequirements.Object">Object</string>

	<string name="PackageCreator.PageRequirements.StdReqs">Standard requirements</string>

	<!-- Page: Components -->
	<string name="PackageCreator.PageComponents.Name">Components</string>

	<string name="PackageCreator.PageComponents.Step">Step</string>
	<string name="PackageCreator.PageComponents.Group">Group</string>
	<string name="PackageCreator.PageComponents.Entry">Component</string>

	<string name="PackageCreator.PageComponents.AddStep">Add step</string>
	<string name="PackageCreator.PageComponents.AddGroup">Add group</string>
	<string name="PackageCreator.PageComponents.AddEntry">Add component</string>
	<string name="PackageCreator.PageComponents.AddEntriesFromFiles">Add components from files</string>

	<string name="PackageCreator.PageComponents.RemoveStep">Remove step</string>
	<string name="PackageCreator.PageComponents.RemoveGroup">Remove group</string>
	<string name="PackageCreator.PageComponents.RemoveEntry">Remove component</string>

	<string name="PackageCreator.PageComponents.AllSteps">All steps</string>
	<string name="PackageCreator.PageComponents.AllGroupsOf">All groups of "%1"</string>
	<string name="PackageCreator.PageComponents.AllEntriesOf">All components of "%1"</string>

	<string name="PackageCreator.PageComponents.FileData">Files</string>
	<string name="PackageCreator.PageComponents.Requirements">Requirements</string>
	<string name="PackageCreator.PageComponents.Image">Image</string>
	<string name="PackageCreator.PageComponents.Description">Description</string>
	<string name="PackageCreator.PageComponents.Conditions">Conditions</string>
	<string name="PackageCreator.PageComponents.ConditionFlags">Condition flags</string>

	<string name="PackageCreator.PageComponents.SelectionMode">Selection mode</string>
	<string name="PackageCreator.PageComponents.SelectionMode.Any">Any</string>
	<string name="PackageCreator.PageComponents.SelectionMode.ExactlyOne">Exactly one</string>
	<string name="PackageCreator.PageComponents.SelectionMode.AtLeastOne">At least one</string>
	<string name="PackageCreator.PageComponents.SelectionMode.AtMostOne">At most one</string>
	<string name="PackageCreator.PageComponents.SelectionMode.All">All</string>

	<string name="PackageCreator.PageComponents.TypeDescriptor">Default type descriptor</string>
	<string name="PackageCreator.PageComponents.TypeDescriptorConditional">New type descriptor</string>
	<string name="PackageCreator.PageComponents.TypeDescriptor.Optional">Optional</string>
	<string name="PackageCreator.PageComponents.TypeDescriptor.Required">Required</string>
	<string name="PackageCreator.PageComponents.TypeDescriptor.Recommended">Recommended</string>
	<string name="PackageCreator.PageComponents.TypeDescriptor.CouldBeUsable">Could be usable</string>
	<string name="PackageCreator.PageComponents.TypeDescriptor.NotUsable">Not usable</string>

	<string name="PackageCreator.PageComponents.Advanced">Advanced</string>
	<string name="PackageCreator.PageComponents.RequiredFiles">Required files</string>
	<string name="PackageCreator.PageComponents.ConditionalInstall">Conditional install</string>

	<string name="PackageCreator.TypeDescriptor.Optional">This option is not required</string>
	<string name="PackageCreator.TypeDescriptor.Required">This option is required</string>
	<string name="PackageCreator.TypeDescriptor.Recommended">This component is optional but is recommended for the current configuration.</string>
	<string name="PackageCreator.TypeDescriptor.NotUsable">This component cannot be used in the current configuration. For example, some of the required mods are missing.</string>
	<string name="PackageCreator.TypeDescriptor.CouldBeUsable">This component can be used in the current configuration, but its correct operation is not guaranteed. For example, the versions of the required mods do not match.</string>

	<string name="PackageCreator.Conditions.RemoveFlagDialog.Caption">Remove flag</string>
	<string name="PackageCreator.Conditions.RemoveFlagDialog.Message">
		<![CDATA[Remove flag from the entire project? Deletion will remove all references to the flag in the project.

You can also rename references to the deleted flag by adding a prefix in their name (%1).]]>
	</string>
	<string name="PackageCreator.Conditions.RemoveFlagDialog.Remove">Remove only</string>
	<string name="PackageCreator.Conditions.RemoveFlagDialog.RemoveTrack">Remove in entire project</string>
	<string name="PackageCreator.Conditions.RemoveFlagDialog.RemoveRename">Rename</string>

	<string name="PackageCreator.Conditions.AddNewCondition">Add new condition</string>
	<string name="PackageCreator.Conditions.AddToCondition">Add to condition</string>
	<string name="PackageCreator.Conditions.RemoveCondition">Remove condition</string>
	<string name="PackageCreator.Conditions.RemoveFromCondition">Remove from condition</string>
	<string name="PackageCreator.Conditions.RemoveAll">Remove all conditions</string>

	<!-- Install Wizard -->
	<string name="InstallWizard.WindowCaption">Installing "%1"</string>
	<string name="InstallWizard.CancelMessage">Are you sure you want to cancel the installation?</string>
	<string name="InstallWizard.InstallationComplete">"%1" successfully installed</string>
	<string name="InstallWizard.InstalledXOfY">%1 of %2 elements installed</string>
	<string name="InstallWizard.BackwardButton">Back</string>
	<string name="InstallWizard.ForwardButton">Next</string>
	<string name="InstallWizard.SelectDocumentHint">Select a document to browse</string>
	<string name="InstallWizard.SelectComponentHint">Select an element to view the description</string>
	<string name="InstallWizard.NoDescriptionHint">This element has no description</string>
	<string name="InstallWizard.InvalidStepsConfig.Caption">Invalid installation options</string>
	<string name="InstallWizard.InvalidStepsConfig.Message">Installation will be aborted.</string>
	<string name="InstallWizard.NoFiles.Caption">No files to install</string>
	<string name="InstallWizard.NoFiles.Message">
		<![CDATA[Installation Wizard didn't find any valid files to install.

This might be because:
- Your $(GameShortName) copy and installed mods do not match this mod's requirements.
- The components configuration is invalid. In order to solve this problem, contact either the mod's author or the installer's author.]]>
	</string>
	<string name="InstallWizard.ChangeID.Invalid">Invalid ID</string>
	<string name="InstallWizard.ChangeID.Used">This ID is already used by "%1"</string>
	<string name="InstallWizard.CollectedFiles.Caption">Following files will be installed</string>

	<string name="InstallWizard.Page.Info">Information</string>
	<string name="InstallWizard.Page.Documnets">Documents</string>
	<string name="InstallWizard.Page.Screenshots">Screenshots</string>
	<string name="InstallWizard.Page.Requirements">Requirements</string>
	<string name="InstallWizard.Page.Components">Components</string>
	<string name="InstallWizard.Page.Installing">Install</string>
	<string name="InstallWizard.Page.Done">Done</string>

	<string name="InstallWizard.LoadFailed.Caption">Failed to load "%1" installation package</string>
	<string name="InstallWizard.LoadFailed.Message">The file might be corrupted, or its format is not supported.</string>

	<string name="InstallWizard.Reinstall.Caption">Mod reinstalling</string>
	<string name="InstallWizard.Reinstall.Message">
		<![CDATA[This mod is already installed. To reinstall, it is recommended that you uninstall it and then run the installation again.

Are you sure you want to reinstall this mod on top of the existing files?]]>
	</string>
</resources>